,Country,Region_x,Happiness Score,"GDP (Billions, PPP)",GDP per Capita (PPP),Unemployment (%),Income Tax Rate (%),Freedom from Corruption,Fiscal Freedom ,Government Spending,Tariff Rate (%),Corporate Tax Rate (%),Tax Burden % of GDP,Government Expenditure % of GDP ,Population (Millions),GDP Growth Rate (%),5 Year GDP Growth Rate (%),Inflation (%),FDI Inflow (Millions),Public Debt (% of GDP),Business Freedom,Labor Freedom,Monetary Freedom,Trade Freedom,Investment Freedom ,Financial Freedom,Property Rights
1,Albania,Europe,4.959,0.27,9.51,16.1,23.0,31.0,87.2,76.1,1.1,15.0,22.9,28.2,2.8,0.7,2.4,1.9,1225.5,70.5,70.6,52.9,80.8,87.8,70.0,70.0,30.0
2,Algeria,Middle East / North Africa,5.605,2.85,7.53,9.8,35.0,36.0,80.0,38.7,12.1,25.0,12.2,45.2,37.9,2.7,2.8,3.3,1691.0,9.2,66.6,50.5,71.2,60.8,25.0,30.0,30.0
3,Angola,Sub-Saharan Africa,4.033,1.3,6.25,8.4,17.0,23.0,84.5,50.1,7.4,35.0,5.6,40.8,20.8,4.1,3.8,8.8,-4284.8,26.6,47.4,43.2,65.4,70.2,40.0,40.0,15.0
4,Argentina,South and Central America / Caribbean,6.574,7.78,18.75,7.3,35.0,34.0,66.8,41.2,5.6,35.0,29.5,44.3,41.5,4.3,4.9,10.6,9082.0,46.9,52.8,43.3,59.6,68.8,30.0,30.0,15.0
5,Armenia,Europe,4.35,0.2,6.19,16.0,26.0,36.0,84.4,82.8,2.3,20.0,22.0,23.9,3.3,3.2,0.3,5.8,370.0,41.9,82.7,64.3,70.6,85.4,75.0,70.0,20.0
6,Australia,Asia-Pacific,7.284,10.0,43.07,5.6,45.0,81.0,63.7,61.8,1.8,30.0,26.5,35.7,23.2,2.4,2.5,2.5,49826.2,28.8,94.1,81.6,85.3,86.4,80.0,90.0,90.0
7,Austria,Europe,7.2,3.61,42.6,4.8,50.0,69.0,50.1,19.8,1.0,25.0,43.2,51.7,8.5,0.4,0.4,2.1,11082.7,74.2,78.0,76.7,80.3,88.0,90.0,70.0,90.0
8,Azerbaijan,Asia-Pacific,5.212000000000001,1.03,11.04,5.5,25.0,28.0,88.1,59.7,4.5,20.0,12.7,36.7,9.3,5.8,4.4,2.4,2632.0,13.8,74.5,79.1,79.8,76.0,55.0,50.0,20.0
10,Bahrain,Middle East / North Africa,5.96,0.41,34.58,7.4,0.0,48.0,99.9,73.1,5.7,0.0,3.4,29.9,1.2,4.9,3.4,3.3,988.8,43.9,72.5,83.1,74.2,78.6,65.0,80.0,60.0
11,Bangladesh,Asia-Pacific,4.694,3.25,2.08,4.3,25.0,27.0,72.7,92.0,13.0,45.0,9.0,16.3,156.3,5.8,6.1,7.5,1599.1,39.7,62.2,63.7,67.7,59.0,45.0,30.0,20.0
13,Belarus,Europe,5.813,1.49,15.75,5.9,12.0,29.0,86.4,54.7,2.0,18.0,29.8,38.9,9.5,0.9,3.2,18.3,2232.7,36.7,72.0,80.1,44.5,81.0,20.0,10.0,20.0
14,Belgium,Europe,6.937,4.23,37.88,8.6,50.0,75.0,43.6,10.2,1.0,33.0,45.3,54.7,11.2,0.2,0.3,1.2,-2405.9,99.8,90.7,63.7,81.7,88.0,85.0,70.0,80.0
16,Benin,Sub-Saharan Africa,3.34,0.17,1.62,1.0,45.0,36.0,68.3,86.7,15.8,30.0,15.5,21.0,10.3,5.6,3.9,1.0,320.1,29.8,55.2,53.2,79.9,58.4,70.0,50.0,30.0
17,Bhutan,Asia-Pacific,5.252999999999999,0.05,6.37,2.1,25.0,63.0,82.6,60.1,17.8,30.0,14.8,36.5,0.7,5.0,7.3,8.7,21.3,110.7,61.9,81.1,66.0,49.4,20.0,30.0,60.0
18,Bolivia,South and Central America / Caribbean,5.89,0.59,5.36,3.2,13.0,34.0,86.8,60.9,3.7,25.0,22.9,36.1,11.0,6.8,4.9,5.7,1749.6,33.1,53.7,25.5,69.7,77.6,10.0,40.0,10.0
19,Bosnia and Herzegovina,Europe,4.949,0.32,8.28,28.6,10.0,42.0,82.9,27.3,1.4,10.0,38.8,49.2,3.9,1.2,-0.2,-0.1,331.7,42.7,53.5,63.4,84.0,87.2,70.0,60.0,20.0
20,Botswana,Sub-Saharan Africa,4.332,0.34,16.38,18.4,25.0,64.0,79.5,61.9,6.4,22.0,30.7,35.7,2.1,3.9,2.8,5.8,188.2,15.9,66.8,70.0,73.9,72.2,70.0,70.0,70.0
21,Brazil,South and Central America / Caribbean,6.983,24.23,12.22,6.6,27.5,42.0,68.4,50.9,7.7,34.0,35.3,40.4,198.3,2.3,2.6,6.2,64045.3,66.3,53.6,52.1,69.4,69.6,50.0,60.0,50.0
22,Bulgaria,Europe,4.218,1.05,14.5,13.1,10.0,41.0,91.0,64.5,1.0,10.0,26.5,34.4,7.2,0.9,-0.4,0.4,1450.4,17.6,68.5,76.6,83.2,88.0,65.0,60.0,30.0
23,Burkina Faso,Sub-Saharan Africa,3.5869999999999997,0.27,1.58,3.1,27.5,38.0,82.4,79.8,8.4,27.5,15.8,25.9,16.8,6.8,6.4,2.0,374.3,33.3,49.6,57.8,80.0,68.2,65.0,40.0,25.0
25,Burundi,Sub-Saharan Africa,2.905,0.06,0.64,8.5,35.0,21.0,73.5,61.3,6.4,35.0,14.1,35.9,9.0,4.5,4.3,8.8,6.8,31.7,61.4,68.1,69.8,72.2,60.0,30.0,20.0
26,Cambodia,Asia-Pacific,3.819,0.4,2.58,0.3,20.0,20.0,90.5,87.5,8.9,20.0,12.2,20.4,15.4,7.0,5.5,3.0,1396.0,28.1,29.2,62.2,78.7,72.2,60.0,50.0,25.0
27,Cameroon,Sub-Saharan Africa,4.252,0.53,2.42,4.0,35.0,25.0,71.7,87.8,12.7,38.5,11.0,20.2,22.0,4.6,3.7,2.1,572.0,18.6,41.6,47.8,75.6,59.6,35.0,50.0,25.0
28,Canada,North America,7.4270000000000005,15.26,43.47,7.1,29.0,81.0,79.9,48.3,0.8,15.0,30.7,41.5,35.1,2.0,1.4,1.0,62324.7,89.1,89.0,76.1,77.9,88.4,80.0,80.0,90.0
30,Central African Republic,Sub-Saharan Africa,3.678,0.03,0.54,8.8,50.0,25.0,65.0,92.0,16.3,30.0,9.8,16.3,4.6,-36.0,-6.3,6.6,0.8,50.8,27.2,37.5,69.6,52.4,45.0,30.0,15.0
31,Chad,Sub-Saharan Africa,3.667,0.28,2.54,8.6,60.0,19.0,46.2,83.6,14.9,45.0,5.1,23.4,11.0,3.6,6.0,0.2,538.4,30.2,27.1,47.7,75.6,55.2,45.0,40.0,20.0
32,Chile,South and Central America / Caribbean,6.67,3.35,19.07,5.9,40.0,71.0,76.5,83.3,4.0,20.0,18.8,23.6,17.6,4.2,4.0,1.8,20258.2,12.2,69.3,67.0,85.6,82.0,90.0,70.0,90.0
33,China,Asia-Pacific,5.14,133.95,9.84,4.6,45.0,40.0,69.7,81.5,4.1,25.0,19.4,24.8,1360.8,7.7,8.9,2.6,123911.0,22.4,52.1,63.0,74.2,71.8,25.0,30.0,20.0
34,Colombia,South and Central America / Caribbean,6.477,5.28,11.19,10.5,33.0,36.0,80.3,76.0,4.4,25.0,16.1,28.3,47.2,4.3,4.1,2.0,16771.7,31.8,81.5,81.7,80.1,81.2,80.0,70.0,50.0
35,Comoros,Sub-Saharan Africa,3.9560000000000004,0.01,1.29,7.9,30.0,28.0,64.5,78.8,6.0,50.0,12.3,26.6,0.7,3.5,2.5,2.3,13.9,19.0,47.3,52.0,77.9,73.0,40.0,30.0,30.0
38,Costa Rica,South and Central America / Caribbean,7.226,0.62,12.94,7.7,25.0,53.0,80.0,89.9,3.1,30.0,21.9,18.3,4.8,3.5,3.4,5.2,2652.0,37.0,64.5,54.6,75.8,83.8,70.0,50.0,50.0
40,Croatia,Europe,5.7589999999999995,0.78,18.19,17.2,40.0,48.0,74.9,46.5,1.4,20.0,22.6,42.2,4.3,-1.0,-2.5,2.2,580.1,59.8,55.8,42.8,80.0,87.2,80.0,60.0,40.0
42,Cyprus,Europe,5.689,0.22,25.27,15.7,35.0,63.0,79.5,36.7,1.0,12.5,25.9,45.9,0.9,-6.0,-1.7,0.4,533.3,112.0,79.5,59.6,82.7,88.0,70.0,50.0,70.0
43,Czech Republic,Europe,6.505,2.86,27.2,7.0,15.0,48.0,81.5,40.6,1.0,19.0,35.5,44.5,10.5,-0.9,-0.5,1.4,4990.4,47.9,68.2,82.9,81.2,88.0,80.0,80.0,75.0
44,Denmark,Europe,7.527,2.12,37.9,7.1,56.0,91.0,39.6,1.8,1.0,24.5,48.0,57.2,5.6,0.4,-0.7,0.8,2083.2,45.2,97.4,92.1,87.6,88.0,90.0,80.0,95.0
47,Dominican Republic,South and Central America / Caribbean,4.885,1.03,9.91,15.0,25.0,29.0,84.1,87.1,6.1,28.0,13.5,20.7,10.4,4.1,4.7,4.8,1990.5,33.8,53.5,57.5,76.0,77.8,75.0,40.0,30.0
48,Ecuador,South and Central America / Caribbean,5.975,1.59,10.08,4.5,35.0,35.0,79.1,51.0,4.3,22.0,19.4,40.4,15.8,4.2,4.2,2.7,702.8,24.3,51.4,51.3,68.2,71.4,30.0,40.0,15.0
49,Egypt,Middle East / North Africa,4.194,5.54,6.58,12.7,25.0,32.0,85.8,68.0,10.0,25.0,12.9,32.7,84.2,2.1,3.2,6.9,5553.0,89.2,65.4,53.6,67.4,70.0,50.0,40.0,20.0
50,El Salvador,South and Central America / Caribbean,6.13,0.47,7.51,6.3,30.0,38.0,79.4,85.5,2.4,30.0,16.0,22.0,6.3,1.6,0.8,0.8,140.1,54.9,53.3,53.3,82.5,85.2,75.0,70.0,35.0
53,Estonia,Europe,5.428999999999999,0.3,23.14,8.5,21.0,68.0,80.6,53.2,1.0,21.0,32.5,39.5,1.3,0.8,0.2,3.5,949.8,11.3,81.5,58.7,77.6,88.0,90.0,80.0,90.0
54,Ethiopia,Sub-Saharan Africa,4.512,1.21,1.37,5.7,35.0,33.0,77.4,91.4,10.3,30.0,11.6,16.9,88.9,9.7,10.1,8.0,953.0,22.2,55.9,56.4,66.1,64.4,20.0,20.0,30.0
56,Finland,Europe,7.406000000000001,1.94,35.62,8.1,31.8,89.0,66.4,3.6,1.0,20.0,44.1,56.7,5.5,-1.4,-1.0,2.2,-1064.8,57.0,92.6,54.8,79.9,88.0,90.0,80.0,90.0
57,France,Europe,6.575,22.78,35.78,10.5,45.0,71.0,47.5,2.5,1.0,34.3,45.3,57.0,63.7,0.3,0.2,1.0,4875.5,93.9,80.2,43.5,77.5,83.0,70.0,70.0,80.0
58,Gabon,Sub-Saharan Africa,3.8960000000000004,0.3,19.48,19.2,35.0,34.0,77.5,74.6,14.5,30.0,11.2,29.1,1.6,5.9,4.4,0.5,856.0,22.9,57.9,64.3,78.4,61.0,55.0,40.0,40.0
60,Georgia,Europe,4.297,0.28,6.14,14.3,20.0,49.0,87.2,73.8,0.7,15.0,25.5,29.6,4.5,3.2,3.7,-0.5,1009.7,31.8,88.6,79.9,82.7,88.6,80.0,60.0,40.0
61,Germany,Europe,6.75,32.33,40.01,5.3,47.5,78.0,60.8,40.1,1.0,15.8,37.6,44.7,80.8,0.5,0.7,1.6,26720.8,78.1,88.2,51.2,81.5,88.0,90.0,70.0,90.0
62,Ghana,Sub-Saharan Africa,4.633,0.89,3.46,4.5,25.0,46.0,84.6,70.8,10.1,25.0,17.1,31.2,25.6,5.5,8.0,11.7,3226.3,60.1,62.5,56.9,69.2,64.8,65.0,60.0,50.0
63,Greece,Europe,4.857,2.66,24.01,27.6,42.0,40.0,64.2,0.0,1.0,26.0,33.8,58.5,11.1,-3.9,-5.2,-0.9,2566.5,173.8,73.3,51.6,77.8,83.0,60.0,50.0,40.0
64,Guatemala,South and Central America / Caribbean,6.122999999999999,0.82,5.28,2.8,31.0,29.0,79.6,94.1,2.7,31.0,10.9,14.1,15.5,3.5,2.8,4.3,1308.9,24.4,54.7,50.6,76.8,84.6,65.0,50.0,20.0
65,Guinea,Sub-Saharan Africa,3.656,0.12,1.12,3.1,40.0,24.0,68.1,79.5,11.9,35.0,19.0,26.1,11.1,2.5,2.4,12.0,24.8,37.8,51.6,74.4,66.7,61.2,40.0,40.0,15.0
68,Haiti,South and Central America / Caribbean,4.518,0.14,1.31,7.1,30.0,19.0,80.3,76.2,3.7,30.0,12.9,28.2,10.3,4.3,2.0,6.8,190.0,21.3,43.1,63.7,73.5,77.6,40.0,30.0,10.0
69,Honduras,South and Central America / Caribbean,4.788,0.39,4.84,4.2,25.0,26.0,84.9,78.7,6.2,25.0,16.1,26.6,8.1,2.6,2.3,5.2,1059.7,40.2,53.2,28.0,75.4,77.6,60.0,60.0,30.0
70,Hong Kong,Asia-Pacific,5.474,3.82,52.72,3.3,15.0,75.0,93.2,89.7,0.0,16.5,13.7,18.5,7.2,2.9,2.7,4.3,76632.8,0.5,100.0,95.9,81.8,90.0,90.0,90.0,90.0
71,Hungary,Europe,4.8,1.98,20.07,10.5,16.0,54.0,78.7,25.9,1.0,19.0,38.9,49.7,9.9,1.1,-1.0,1.7,3091.1,79.2,74.5,67.7,79.2,88.0,75.0,70.0,55.0
72,Iceland,Europe,7.561,0.13,41.0,5.6,31.8,78.0,72.0,32.6,1.0,20.0,37.2,47.4,0.3,2.9,-0.8,3.9,347.1,90.2,90.5,62.2,77.0,88.0,70.0,60.0,90.0
73,India,Asia-Pacific,4.565,50.69,4.08,3.7,30.9,36.0,79.4,78.3,7.7,32.4,7.3,26.9,1243.3,4.4,6.9,9.5,28199.4,66.7,43.3,48.7,65.3,64.6,35.0,40.0,55.0
74,Indonesia,Asia-Pacific,5.399,12.93,5.21,6.0,30.0,32.0,83.3,88.3,2.6,25.0,11.9,19.7,248.0,5.8,5.9,6.4,18444.0,26.1,49.3,48.7,74.9,74.8,40.0,60.0,30.0
75,Iran,Middle East / North Africa,4.686,9.46,12.26,13.2,35.0,25.0,81.2,93.0,21.8,25.0,5.9,15.3,77.1,-1.7,1.0,35.2,3049.9,10.6,57.0,51.3,48.7,41.4,0.0,10.0,10.0
77,Ireland,Europe,6.94,1.89,39.55,13.6,41.0,72.0,73.6,45.6,1.0,12.5,28.3,42.6,4.8,-0.3,-1.1,0.5,35519.7,122.8,82.1,76.2,83.9,88.0,90.0,70.0,85.0
78,Israel,Middle East / North Africa,7.278,2.74,34.77,6.7,48.0,61.0,61.9,47.8,0.7,26.5,28.3,41.7,7.9,3.3,3.6,1.5,11803.8,66.7,72.4,67.1,81.6,88.6,80.0,70.0,75.0
79,Italy,Europe,5.9479999999999995,18.08,30.29,12.2,43.0,43.0,54.2,23.2,1.0,27.5,44.4,50.6,59.7,-1.9,-1.5,1.3,16507.8,132.5,71.9,55.4,81.2,88.0,85.0,60.0,55.0
80,Jamaica,South and Central America / Caribbean,5.709,0.25,9.05,15.0,25.0,38.0,81.5,73.2,7.5,25.0,24.4,29.9,2.8,0.5,-0.7,9.4,567.1,138.9,85.9,76.5,71.4,75.0,85.0,50.0,40.0
81,Japan,Asia-Pacific,5.987,46.99,36.9,4.1,40.8,74.0,68.7,47.1,1.2,25.5,28.6,42.0,127.3,1.5,0.3,0.4,2303.7,243.2,84.1,90.2,86.7,82.6,70.0,50.0,80.0
82,Jordan,Middle East / North Africa,5.192,0.4,6.12,12.6,14.0,45.0,93.7,70.7,5.2,14.0,15.3,31.2,6.5,3.3,3.2,5.5,1798.5,87.7,59.1,74.4,80.6,79.6,70.0,60.0,60.0
83,Kazakhstan,Asia-Pacific,5.855,2.47,14.39,5.2,10.0,26.0,93.2,85.0,3.0,20.0,13.5,22.4,17.2,6.0,5.4,5.8,9738.5,13.5,73.7,87.0,74.6,79.0,40.0,50.0,25.0
84,Kenya,Sub-Saharan Africa,4.419,0.8,1.81,9.2,30.0,27.0,78.0,72.1,10.5,30.0,20.1,30.5,44.4,5.6,4.6,5.7,514.4,50.5,47.9,63.8,72.8,64.0,50.0,50.0,30.0
88,Kuwait,Middle East / North Africa,6.295,1.54,39.71,3.1,0.0,43.0,97.7,61.1,4.4,15.0,0.7,36.0,3.9,0.8,0.6,2.7,2329.0,5.3,58.6,64.2,74.0,76.2,55.0,50.0,45.0
90,Laos,Asia-Pacific,4.876,0.21,3.07,1.4,24.0,26.0,86.2,86.8,13.2,24.0,15.0,21.0,6.8,8.2,7.9,6.4,296.0,62.0,59.5,57.1,74.5,58.6,30.0,20.0,15.0
91,Latvia,Europe,5.098,0.39,19.12,10.9,24.0,53.0,84.4,59.2,1.0,15.0,27.6,36.9,2.0,4.1,-1.3,0.0,808.3,32.1,82.1,61.5,83.8,88.0,85.0,50.0,50.0
92,Lebanon,Middle East / North Africa,4.8389999999999995,0.66,14.85,6.6,20.0,28.0,91.3,70.6,7.1,15.0,15.7,31.3,4.5,1.0,4.5,3.2,2832.7,139.7,54.7,60.7,72.0,75.8,60.0,60.0,20.0
93,Lesotho,Sub-Saharan Africa,4.898,0.04,2.25,27.0,35.0,49.0,68.5,0.0,12.7,25.0,36.1,61.1,1.9,5.8,5.2,5.3,44.1,39.6,54.7,63.9,75.2,64.6,45.0,40.0,35.0
94,Liberia,Sub-Saharan Africa,4.571000000000001,0.03,0.7,3.8,25.0,38.0,83.0,69.9,5.3,25.0,21.1,31.7,4.1,8.0,7.0,7.6,1061.3,29.5,60.1,43.9,72.7,74.4,40.0,20.0,25.0
95,Libya,Middle East / North Africa,5.754,0.7,11.5,9.0,10.0,15.0,95.0,37.5,0.0,20.0,0.7,45.7,6.1,-9.4,-6.0,2.6,702.0,0.0,46.8,66.7,71.4,80.0,5.0,20.0,10.0
97,Lithuania,Europe,5.832999999999999,0.68,22.75,12.1,15.0,57.0,92.9,61.3,1.0,15.0,16.0,35.9,3.0,3.3,-0.4,1.2,531.1,39.3,84.9,62.0,81.2,88.0,80.0,80.0,60.0
98,Luxembourg,Europe,6.946000000000001,0.43,78.67,5.7,43.6,80.0,62.3,42.2,1.0,21.0,37.8,43.9,0.5,2.0,0.2,1.7,30075.4,22.9,71.3,42.1,80.7,88.0,95.0,80.0,90.0
100,Macedonia,Europe,5.007,0.23,10.9,29.7,10.0,44.0,91.4,65.6,1.9,10.0,25.6,33.8,2.1,3.1,1.5,2.8,333.9,35.8,79.2,70.7,79.0,86.2,60.0,60.0,35.0
102,Malawi,Sub-Saharan Africa,4.292,0.15,0.88,7.6,30.0,37.0,78.5,49.0,6.4,30.0,18.8,41.2,17.1,5.0,5.3,27.7,118.4,68.9,49.1,63.1,53.8,72.2,55.0,50.0,40.0
103,Malaysia,Asia-Pacific,5.77,5.26,17.75,3.2,26.0,50.0,84.4,74.0,5.0,25.0,16.1,29.5,29.6,4.7,4.2,2.1,12305.7,58.2,93.5,75.7,80.8,80.0,55.0,60.0,55.0
105,Mali,Sub-Saharan Africa,3.995,0.19,1.1,8.5,40.0,28.0,69.6,89.2,8.4,35.0,14.5,19.0,16.9,1.7,2.9,-0.6,410.3,31.5,47.2,50.7,81.1,73.2,60.0,40.0,25.0
106,Malta,Europe,6.3020000000000005,0.12,27.84,6.5,35.0,56.0,63.1,44.4,1.0,35.0,35.2,43.1,0.4,2.4,1.1,1.0,-2099.8,71.7,61.0,55.6,81.8,88.0,80.0,60.0,75.0
107,Mauritania,Sub-Saharan Africa,4.436,0.08,2.22,30.9,30.0,30.0,80.2,59.8,8.0,25.0,21.3,36.6,3.7,6.7,4.1,4.1,1154.1,87.7,50.5,52.1,76.6,69.0,50.0,40.0,25.0
108,Mauritius,Sub-Saharan Africa,5.477,0.21,16.06,8.1,15.0,52.0,91.9,87.4,0.8,15.0,18.9,20.5,1.3,3.1,3.5,3.5,258.6,53.8,78.0,68.2,77.6,88.4,85.0,70.0,65.0
109,Mexico,North America,7.187,18.43,15.56,5.0,35.0,34.0,77.8,78.0,2.2,30.0,10.0,27.1,118.4,1.1,1.8,3.8,38285.7,46.5,71.5,59.9,77.6,85.6,70.0,60.0,50.0
111,Moldova,Europe,5.888999999999999,0.13,3.74,5.9,18.0,35.0,85.1,51.8,2.6,12.0,32.0,40.1,3.6,8.9,3.0,4.6,231.3,24.4,66.8,40.6,76.1,79.8,50.0,50.0,40.0
113,Montenegro,Europe,5.192,0.07,11.91,19.7,9.0,44.0,92.6,36.7,2.6,9.0,24.0,45.9,0.6,3.4,0.1,2.2,447.4,56.8,77.1,77.5,79.7,84.8,65.0,50.0,40.0
114,Morocco,Middle East / North Africa,5.013,1.79,5.46,9.2,38.0,37.0,70.9,61.0,3.4,30.0,23.7,36.1,32.9,4.5,4.1,1.9,3358.4,61.9,68.8,33.4,81.9,78.2,70.0,60.0,40.0
115,Mozambique,Sub-Saharan Africa,4.971,0.28,1.09,8.5,32.0,30.0,75.2,66.5,4.8,32.0,20.8,33.4,25.9,7.1,7.0,4.2,5935.1,43.3,60.9,37.9,82.0,75.4,40.0,50.0,30.0
117,Nepal,Asia-Pacific,4.513999999999999,0.42,1.51,2.7,25.0,31.0,85.6,88.9,11.6,25.0,13.9,19.2,27.9,3.6,4.3,9.9,73.6,31.0,65.7,44.3,70.5,61.8,5.0,30.0,30.0
118,Netherlands,Europe,7.377999999999999,7.0,41.71,6.7,52.0,83.0,51.8,23.8,1.0,25.0,38.6,50.4,16.8,-0.8,-0.7,2.6,24388.9,74.9,84.3,66.3,79.8,88.0,90.0,80.0,90.0
119,New Zealand,Asia-Pacific,7.2860000000000005,1.37,30.49,6.4,33.0,91.0,70.4,43.0,1.6,28.0,32.9,43.6,4.5,2.4,1.5,1.1,986.5,35.9,95.5,91.4,87.6,86.8,80.0,80.0,95.0
120,Nicaragua,South and Central America / Caribbean,5.827999999999999,0.28,4.55,7.2,30.0,28.0,78.4,76.6,2.3,30.0,18.9,28.0,6.1,4.2,3.2,7.4,848.7,42.4,58.0,56.7,67.8,85.4,65.0,50.0,10.0
121,Niger,Sub-Saharan Africa,3.845,0.14,0.83,5.0,35.0,34.0,76.6,83.6,9.7,30.0,14.5,23.4,16.6,3.6,4.8,2.3,631.4,33.8,39.2,40.9,81.3,65.6,55.0,40.0,30.0
122,Nigeria,Sub-Saharan Africa,5.268,4.79,2.83,7.5,24.0,25.0,85.2,76.1,10.6,30.0,3.0,28.2,169.3,6.3,7.0,8.5,5609.0,19.4,48.3,77.7,70.4,63.8,40.0,40.0,30.0
123,Norway,Europe,7.522,2.8,54.95,3.5,47.8,86.0,52.1,43.8,0.3,27.0,42.2,43.3,5.1,0.8,0.8,2.1,9329.7,29.5,92.1,48.2,81.7,89.4,75.0,60.0,90.0
124,Oman,Middle East / North Africa,6.853,0.95,29.81,8.0,0.0,47.0,98.5,44.2,4.1,12.0,2.5,43.1,3.2,5.1,4.7,1.3,1625.5,7.0,68.4,76.1,76.2,76.8,65.0,60.0,55.0
125,Pakistan,Asia-Pacific,5.194,5.75,3.15,5.2,30.0,28.0,77.7,86.1,9.7,35.0,10.4,21.5,182.6,3.6,2.9,7.4,1307.0,63.1,65.6,42.1,71.2,65.6,50.0,40.0,30.0
126,Panama,South and Central America / Caribbean,6.7860000000000005,0.62,16.66,4.0,25.0,35.0,84.5,78.8,5.8,25.0,17.4,26.6,3.7,8.0,8.2,4.0,4651.3,41.3,71.5,41.5,76.4,78.4,75.0,70.0,30.0
128,Paraguay,South and Central America / Caribbean,5.877999999999999,0.46,6.82,5.2,10.0,24.0,96.0,81.9,4.3,10.0,14.3,24.6,6.8,13.0,4.8,2.7,382.4,15.2,58.4,26.3,78.3,81.4,75.0,60.0,30.0
129,Peru,South and Central America / Caribbean,5.824,3.44,11.12,3.8,30.0,38.0,78.6,88.5,1.5,30.0,18.5,19.6,30.9,5.0,5.5,2.8,10172.3,19.6,67.7,63.4,83.9,87.0,70.0,60.0,40.0
130,Philippines,Asia-Pacific,5.073,4.56,4.68,7.3,32.0,36.0,79.1,89.3,4.8,30.0,12.9,18.9,97.5,7.2,5.2,2.9,3859.8,38.3,55.3,58.2,78.8,75.4,60.0,60.0,30.0
131,Poland,Europe,5.791,8.18,21.21,10.4,32.0,60.0,82.1,47.1,1.0,19.0,20.1,42.0,38.5,1.6,2.7,0.9,-6037.7,57.5,67.3,60.4,81.3,88.0,70.0,70.0,60.0
132,Portugal,Europe,5.102,2.45,23.07,16.9,48.0,62.0,61.1,28.8,1.0,23.0,32.5,48.7,10.6,-1.4,-1.4,0.4,3114.0,128.8,87.5,42.9,82.8,88.0,70.0,60.0,70.0
133,Qatar,Middle East / North Africa,6.611000000000001,2.0,98.81,0.6,0.0,68.0,99.7,71.9,4.1,0.0,5.1,30.6,2.0,6.1,10.7,3.1,-840.4,34.2,70.5,71.2,79.7,81.8,45.0,50.0,70.0
134,Romania,Europe,5.124,2.85,13.4,7.4,16.0,43.0,86.9,62.3,1.0,16.0,28.2,35.4,21.3,3.5,-0.3,4.0,3616.8,39.3,69.8,68.6,77.3,88.0,80.0,50.0,40.0
135,Russia,Europe,5.716,25.56,17.88,5.8,13.0,28.0,86.1,57.8,5.0,20.0,28.7,37.5,142.9,1.3,1.0,6.8,79262.0,13.4,76.3,58.9,63.9,75.0,25.0,30.0,20.0
136,Rwanda,Sub-Saharan Africa,3.465,0.16,1.54,0.6,30.0,53.0,80.2,79.2,4.6,30.0,13.6,26.3,10.6,5.0,6.9,4.2,110.8,29.4,59.5,84.5,76.0,80.8,65.0,40.0,30.0
141,Saudi Arabia,Middle East / North Africa,6.4110000000000005,9.37,31.25,5.5,2.5,46.0,99.7,61.9,4.3,2.5,3.7,35.7,30.0,3.8,5.5,3.5,9298.0,2.7,65.8,72.7,68.4,76.4,40.0,50.0,40.0
142,Senegal,Sub-Saharan Africa,3.904,0.28,1.96,9.9,40.0,41.0,71.3,74.6,8.0,30.0,19.2,29.1,14.1,4.0,3.2,0.8,298.3,45.9,54.6,39.5,83.0,74.0,60.0,40.0,40.0
143,Serbia,Europe,5.122999999999999,0.81,11.27,22.6,15.0,42.0,82.4,27.1,5.9,15.0,36.2,49.3,7.2,2.5,0.0,7.7,1377.4,65.8,57.8,70.4,72.2,78.2,75.0,50.0,45.0
145,Sierra Leone,Sub-Saharan Africa,4.507,0.09,1.54,3.2,30.0,30.0,80.8,87.5,9.9,30.0,11.1,20.4,6.1,16.3,9.1,9.8,579.1,32.6,53.4,41.6,68.5,70.2,55.0,20.0,10.0
146,Singapore,Asia-Pacific,6.797999999999999,3.49,64.58,3.1,20.0,86.0,91.2,93.8,0.0,17.0,14.0,14.4,5.4,4.1,5.2,2.4,63772.3,103.8,96.9,96.9,83.7,90.0,85.0,80.0,90.0
147,Slovakia,Europe,5.995,1.33,24.61,14.0,25.0,47.0,80.8,55.1,1.0,22.0,28.5,38.7,5.4,0.9,1.0,1.5,591.0,54.9,69.6,56.5,75.5,88.0,80.0,70.0,50.0
148,Slovenia,Europe,5.848,0.57,27.9,10.6,50.0,57.0,58.1,0.0,1.0,17.0,37.4,59.4,2.1,-1.1,-2.0,1.6,-678.6,73.0,81.2,57.1,81.3,88.0,70.0,50.0,60.0
150,South Africa,Sub-Saharan Africa,4.6419999999999995,5.96,11.26,25.3,40.0,42.0,69.5,68.2,4.2,28.0,25.8,32.6,53.0,1.9,1.9,5.8,8187.9,45.2,73.0,61.6,74.9,76.6,50.0,60.0,50.0
151,Spain,Europe,6.329,13.91,29.85,26.7,52.0,59.0,53.1,39.8,1.0,30.0,32.9,44.8,46.6,-1.2,-1.4,1.5,39166.6,93.9,77.5,52.6,81.3,88.0,85.0,70.0,70.0
154,Suriname,South and Central America / Caribbean,6.269,0.07,13.12,12.4,38.0,36.0,69.3,73.8,11.9,36.0,18.3,29.5,0.5,4.7,4.4,1.9,112.8,29.2,42.2,81.9,77.2,66.2,30.0,30.0,35.0
155,Swaziland,Sub-Saharan Africa,4.867,0.07,6.22,22.9,33.0,39.0,76.4,68.6,7.0,27.5,22.7,32.4,1.1,2.8,1.4,5.6,67.0,18.8,60.5,69.3,73.9,76.0,55.0,40.0,40.0
156,Sweden,Europe,7.364,3.97,41.19,8.0,57.0,89.0,43.0,19.2,1.0,22.0,44.3,51.9,9.6,1.5,1.3,0.0,8149.5,41.4,87.9,54.0,85.5,88.0,90.0,80.0,90.0
157,Switzerland,Europe,7.587000000000001,3.72,46.43,4.4,40.0,85.0,70.3,65.1,0.0,24.0,28.2,34.1,8.0,2.0,1.2,-0.2,-5252.1,49.4,78.1,75.3,86.3,90.0,85.0,80.0,90.0
159,Taiwan,Asia-Pacific,6.297999999999999,9.29,39.77,4.1,40.0,61.0,80.4,87.1,1.8,17.0,8.7,20.7,23.4,2.1,3.3,0.8,3688.0,41.0,92.4,55.2,83.3,86.4,75.0,60.0,70.0
160,Tajikistan,Asia-Pacific,4.7860000000000005,0.19,2.35,10.8,13.0,22.0,92.1,81.9,5.2,15.0,19.9,24.6,8.1,7.4,6.5,5.0,107.8,29.2,65.4,46.4,69.6,74.6,25.0,30.0,20.0
161,Tanzania,Sub-Saharan Africa,3.781,0.79,1.72,3.5,30.0,33.0,79.9,79.3,11.5,30.0,14.4,26.3,46.3,7.0,6.7,7.9,1872.4,41.0,45.0,61.4,69.7,67.0,60.0,50.0,30.0
162,Thailand,Asia-Pacific,6.455,6.74,9.88,0.8,35.0,35.0,81.5,81.4,4.8,20.0,15.0,24.9,68.2,2.9,2.9,2.2,12945.6,45.3,72.5,63.5,69.9,75.4,45.0,60.0,40.0
164,Togo,Sub-Saharan Africa,2.839,0.07,1.08,8.5,45.0,29.0,69.7,78.1,11.1,27.0,16.5,27.0,6.8,5.6,4.8,2.0,84.2,43.3,51.9,43.4,80.4,67.8,50.0,30.0,30.0
166,Trinidad and Tobago,South and Central America / Caribbean,6.167999999999999,0.28,20.44,6.6,25.0,38.0,79.0,69.3,5.7,25.0,29.2,32.0,1.3,1.6,-0.8,5.2,1712.6,30.6,65.3,76.6,74.3,78.6,60.0,50.0,50.0
167,Tunisia,Middle East / North Africa,4.739,1.08,9.93,17.5,35.0,41.0,74.3,70.8,14.4,30.0,21.0,31.2,10.9,2.7,2.1,6.1,1095.6,44.4,81.2,69.1,74.8,61.2,35.0,30.0,40.0
168,Turkey,Europe,5.332000000000001,11.74,15.35,9.9,35.0,50.0,76.1,57.6,2.7,20.0,27.7,37.6,76.5,4.3,3.8,7.5,12866.0,35.8,61.0,50.2,72.4,84.6,75.0,60.0,45.0
169,Turkmenistan,Asia-Pacific,5.547999999999999,0.54,9.51,10.7,10.0,17.0,94.0,93.5,0.0,8.0,21.0,14.7,5.7,10.2,10.2,6.6,3061.0,20.6,30.0,20.0,64.2,80.0,0.0,10.0,5.0
170,Uganda,Sub-Saharan Africa,3.931,0.55,1.48,3.8,40.0,26.0,73.3,89.0,6.7,30.0,13.1,19.1,36.8,6.0,5.1,5.4,1145.9,33.9,43.3,87.5,76.3,76.6,60.0,40.0,25.0
171,Ukraine,Europe,4.681,3.37,7.42,7.9,17.0,25.0,78.7,28.0,2.1,18.0,38.9,49.0,45.4,0.1,-1.3,-0.3,3771.0,41.0,59.3,48.2,78.6,85.8,15.0,30.0,20.0
172,United Arab Emirates,Middle East / North Africa,6.901,2.72,30.12,3.8,0.0,69.0,99.5,85.8,3.8,0.0,7.2,21.8,9.0,4.8,1.9,1.1,10488.0,12.3,74.7,83.8,83.8,82.4,40.0,50.0,55.0
173,United Kingdom,Europe,6.867000000000001,23.91,37.31,7.5,45.0,76.0,62.9,30.3,1.0,21.0,35.2,48.2,64.1,1.8,-0.1,2.6,37100.9,90.1,91.1,75.6,74.4,88.0,90.0,80.0,90.0
174,United States,North America,7.119,168.0,53.1,7.5,39.6,73.0,66.2,51.8,1.5,35.0,24.3,40.1,316.4,1.9,1.2,1.5,187528.0,104.5,88.8,98.5,76.6,87.0,70.0,70.0,80.0
175,Uruguay,South and Central America / Caribbean,6.485,0.57,16.72,6.3,30.0,73.0,77.1,65.1,4.1,25.0,27.6,34.1,3.4,4.2,5.1,8.6,2796.1,59.4,72.6,64.3,71.6,81.8,80.0,30.0,70.0
176,Uzbekistan,Asia-Pacific,6.002999999999999,1.14,3.76,10.8,22.0,17.0,90.2,67.3,5.1,9.0,20.3,33.0,30.2,8.0,8.2,11.2,1077.0,8.6,73.1,64.2,63.5,69.8,0.0,10.0,15.0
178,Venezuela,South and Central America / Caribbean,6.81,4.08,13.61,7.6,34.0,20.0,75.0,52.0,8.6,34.0,13.6,40.0,30.0,1.0,1.2,40.7,7040.0,49.8,41.6,24.2,42.8,62.8,0.0,20.0,5.0
179,Vietnam,Asia-Pacific,5.36,3.6,4.01,1.9,35.0,31.0,79.1,77.1,5.7,22.0,19.6,27.6,89.7,5.4,5.7,6.6,8900.0,55.0,61.5,62.9,66.8,78.6,15.0,30.0,15.0
180,Yemen,Middle East / North Africa,4.077,0.62,2.32,17.2,20.0,18.0,91.5,59.9,6.2,20.0,7.0,36.6,26.7,4.4,0.9,11.1,-133.6,49.9,54.0,57.1,68.5,77.6,50.0,30.0,30.0
181,Zambia,Sub-Saharan Africa,5.129,0.26,1.75,13.2,35.0,38.0,71.9,78.0,4.1,35.0,19.1,27.1,14.5,6.0,6.8,7.0,1810.9,35.1,68.2,46.0,73.2,76.8,55.0,50.0,30.0
182,Zimbabwe,Sub-Saharan Africa,4.61,0.1,0.79,5.5,45.0,21.0,66.6,74.2,13.3,25.0,26.3,29.3,13.1,3.0,8.9,1.6,400.0,54.7,37.1,23.7,75.4,58.4,0.0,10.0,10.0
